name,email,phone_number,street,city,state,country,postal,sex,gender,company,industry
Roman Hagenes,sonny@rogahn.net,(819) 373-1742 x982,Sanford Mews,Kubmouth,Alaska,Tunisia,81746,Female,Genderqueer,Hoeger-Erdman,Maritime
Romeo Koepp,rocio@kozey.name,138.655.9621 x198,Windler Isle,North Jeanett,Rhode Island,Heard Island and McDonald Islands,62529-4548,Female,Non-binary,Bosco Group,Events Services
Julissa Goldner,joesph@schuppe-lakin.info,1-850-926-6428 x7341,Fahey Junctions,Melodiburgh,Wisconsin,Oman,50929,Female,Genderqueer,Fritsch Group,Religious Institutions
Rocco Blanda Jr.,georgianne_hessel@cruickshank-gislason.io,168.182.0284,Moore Prairie,Pagacbury,West Virginia,Paraguay,31968-7647,Female,Male,Kuhic-Kilback,Government Relations
Richard Thompson,freddie.pfeffer@damore.biz,551-106-0211,Antonio Expressway,New Zola,Illinois,"Virgin Islands, British",94593,Male,Agender,Mann and Sons,Security and Investigations
Ira Watsica,lakita_rolfson@quigley.info,305.281.4313 x944,Wyman Avenue,East Joannaside,Wyoming,Lebanon,31273-2342,Female,Genderqueer,Larkin LLC,Public Safety
Everette Brakus,priscilla.abernathy@oberbrunner.com,525-161-9313 x9975,Jerald Extension,Port Lavoneport,Rhode Island,Cameroon,39071-3561,Male,Genderfluid,"Mueller, Halvorson and Zemlak",Transportation / Trucking / Railroad
Denny Johnston II,jackqueline.boehm@veum.org,1-222-319-5817,Cameron Centers,Dortheyburgh,Iowa,Micronesia,64138-9728,Female,Female,Christiansen-Jacobson,Transportation / Trucking / Railroad
Maisie Connelly,shayne.fisher@pouros.com,(948) 364-5380 x65912,Schaden Rapid,Blickhaven,Iowa,Hungary,90839-8717,Male,Male,"McGlynn, Wyman and Barton",Entertainment
Nathanael Towne,sue.watsica@hegmann-keeling.net,607-547-9637 x171,Lubowitz Highway,Desmondberg,West Virginia,Comoros,37973-4652,Female,Female,Bauch Inc,"Leisure, Travel & Tourism"
Erwin Orn PhD,michal@batz-hane.com,(118) 513-0616,Charmaine Forest,Harbermouth,Delaware,Peru,78985-5689,Female,Male,Bashirian-Adams,Staffing and Recruiting
Chung Prosacco,rickie_schmeler@kilback-nader.io,(108) 565-5020 x9142,Kristofer Mills,Antioneberg,Ohio,Hungary,39648,Male,Genderqueer,Macejkovic Inc,Legislative Office
Pres. Evan Lehner,carson.schroeder@lueilwitz.biz,1-449-875-6169,Champlin Views,Zulaufshire,New Hampshire,Tuvalu,98720,Female,Polygender,"MacGyver, Bahringer and Davis",Banking
Rubie Jones,jenny.walter@grady.biz,696.541.7167 x4180,Doug Islands,Westmouth,Illinois,Belize,30483,Female,Female,Douglas Group,Professional Training & Coaching
Javier Boyer,nelle.rutherford@wilkinson-jacobi.net,742-929-8043 x908,Spencer Gardens,Dareshire,Alabama,Niue,82856-5721,Male,Genderqueer,"Graham, Kuhic and Senger",Program Development
Dr. Nola Heaney,ayako@barton-reynolds.net,291-073-1513 x580,Cindie Walks,Creminmouth,Louisiana,Dominican Republic,48778-3761,Female,Agender,Larson-McDermott,Supermarkets
Cheree Grady,daryl.kulas@stiedemann.org,892-433-1091 x39552,Willms Ways,North Shaunport,Nebraska,Solomon Islands,86391,Female,Genderfluid,Wehner Group,Dairy
Marcene Beahan,jared_brakus@weissnat.info,(561) 284-1553 x932,Grady Mountain,Solland,Oklahoma,Ghana,86420-6398,Female,Male,Reinger and Sons,Design
Lucie Batz,gary@rodriguez-breitenberg.co,1-241-189-0098,Green Fall,Lamarchester,Colorado,Micronesia,64255-3646,Male,Male,Franecki Inc,Textiles
Basil Aufderhar,taisha_littel@christiansen.co,494.693.3901,Metz Plaza,Lake Argentina,Colorado,Lesotho,47439-2439,Female,Male,Hoeger and Sons,Venture Capital & Private Equity
Rupert Greenholt,mose@goyette-flatley.name,1-403-553-2713 x376,Shanice Route,West Adria,Georgia,Mozambique,08228-2904,Male,Bigender,Steuber-Langosh,Broadcast Media
Twanda Haley,dion_grant@vonrueden.com,832.618.8311 x4285,Lebsack Corners,Port Darlaland,Massachusetts,Reunion,37446,Female,Non-binary,"Runolfsson, Wisozk and Roob",Ranching
Jarod Durgan,emory_harber@kautzer.name,(861) 383-3299 x846,Price Course,Moisesview,Louisiana,French Polynesia,02053,Male,Male,Anderson-O'Connell,Luxury Goods & Jewelry
Miss Tawanna Block,jeff_pfannerstill@weimann-ankunding.biz,133.690.2930,Krajcik Circle,Stammberg,Mississippi,Burkina Faso,40986-4941,Male,Genderqueer,Hintz Group,Sports
The Hon. Carol Bode,catheryn@jast.name,705.281.3163,Price Village,Federicoview,Nebraska,Suriname,48622-4239,Male,Polygender,"Hansen, Huels and Daugherty",Legal Services
Mr. Samuel Ritchie,chad@hyatt.name,(464) 743-6773,Tawana Mall,South Trentonbury,California,Marshall Islands,31735,Male,Agender,"Blanda, O'Kon and Mueller",Utilities
Doretha Glover,suzette@windler.biz,760-471-3576 x69820,Jacobs Lights,Lake Keira,West Virginia,Brazil,94682-9106,Male,Genderfluid,Larkin LLC,Think Tanks
Karmen Boyle,malia@dubuque-doyle.info,875.643.2557 x9651,Cinderella Ford,West Otelia,New York,Namibia,68424,Male,Male,Shields-Keebler,Recreational Facilities and Services
Paris Considine,bethany@haley.net,(142) 795-4906,Sauer Spurs,Masakoton,Missouri,Turkmenistan,71620,Male,Polygender,Stoltenberg LLC,"Leisure, Travel & Tourism"
Delsie Kreiger,gisele@pfannerstill.name,(944) 845-7017 x377,Martha Isle,New Jefferymouth,Montana,Martinique,53583,Female,Polygender,Sipes Group,Military
Fr. Ingrid Marvin,olin@hilll-jones.biz,243-033-4031 x324,Moen Center,New Darius,New Mexico,Norfolk Island,63341,Female,Agender,Conroy Group,Packaging and Containers
Kris Collins,janella_kihn@abernathy-koch.biz,1-775-347-9332 x44945,Zenaida Trail,West Neal,New Hampshire,Madagascar,09588,Male,Genderfluid,"Heller, Dare and Nienow",Building Materials
Louie Gislason,leena@schinner-huel.biz,722.667.6259 x84379,Stefan Locks,Port Huey,Massachusetts,Swaziland,27992-7259,Female,Genderqueer,Block Group,Nanotechnology
Abigail Wuckert Sr.,yolonda.leffler@cremin.name,(721) 048-6707 x1157,Wendolyn Cape,Sherleneborough,Montana,Heard Island and McDonald Islands,74214,Male,Non-binary,Rogahn Inc,Executive Office
Rodney Smitham,shae_crona@mcclure.co,1-662-068-2245 x4198,Athena Meadow,Domitilaport,Alaska,Comoros,73659,Male,Polygender,Bins Group,Individual & Family Services
Waylon Lindgren III,guadalupe_nicolas@schroeder.org,1-687-527-4366 x20012,Francesco Groves,Brandonshire,Montana,Haiti,62618-8614,Female,Genderqueer,Paucek-Boyle,Judiciary
Lyndon Cummings,morton@abshire.name,(950) 993-6830,Bruen Creek,Adamsstad,New Mexico,Austria,74777,Male,Female,McKenzie-Will,Philanthropy
Earnest Gleichner I,elenora@ratke-stroman.info,(455) 109-1434,Sandy Ford,New Pasquale,Arkansas,Spain,01302,Female,Agender,Tremblay Inc,Automotive
Ellis Cole,davis@schimmel.io,1-261-117-8580 x867,Sherell Camp,West Lynnmouth,Mississippi,Estonia,16697,Male,Male,"Schaden, Jerde and Cummerata","Glass, Ceramics & Concrete"
Mrs. Gaylene Morar,linwood.damore@cremin-schuster.io,1-838-844-9859 x195,Kemmer Cape,Roseannmouth,Massachusetts,Sao Tome and Principe,17806-6502,Female,Bigender,Wiegand-Schowalter,Restaurants
Tyrell Grimes,ka.turcotte@roob.co,1-549-373-3948 x454,Lakeisha Inlet,Port Willettafort,Virginia,Liberia,20905-0782,Male,Male,Zieme and Sons,Individual & Family Services
Myron Fahey,ladawn.fisher@wisozk.net,(988) 961-1980 x3203,Aleshia Trace,Binsshire,Louisiana,Uzbekistan,22548,Female,Female,"Murazik, Kulas and Stokes",Sporting Goods
Jessie Roberts,dustin@collins.org,1-932-031-3826 x23512,Shonta Meadows,Rossside,New Jersey,Marshall Islands,72564-6573,Female,Bigender,Weissnat-Klein,Individual & Family Services
Peter Friesen,haywood_prohaska@sanford-beatty.info,159.946.4564 x4450,Eugene Fields,Edgarland,New Mexico,Hungary,58678,Female,Male,"Schumm, Ratke and Boyle",Market Research
Mrs. Jettie Osinski,dede@feil-okeefe.biz,230-613-4357 x3453,Kenia Plaza,North Mitchelton,Georgia,Cameroon,43060,Female,Agender,"Hane, Mayer and Lebsack",Information Services
Hertha Gleason,hans@jacobson.biz,767.258.4338,Toshiko Fields,South Milanburgh,North Dakota,Slovakia (Slovak Republic),88862-4936,Female,Non-binary,Steuber Group,Farming
Marivel Goldner,kerry_runolfsson@hessel.net,(688) 593-1985 x06261,Casper Tunnel,Linniemouth,Georgia,Oman,25894,Female,Polygender,"Heller, Ward and Pouros",Industrial Automation
Thanh Lynch,marco@ziemann-breitenberg.io,1-361-180-0448,Leonard Station,Angeloshire,Alaska,Tanzania,44266,Female,Genderfluid,"Schimmel, Hodkiewicz and Daugherty",Automotive
Hal Gutmann,felisa@simonis.biz,1-571-997-5011 x888,Dietrich Villages,Mieshamouth,Colorado,Philippines,85293,Male,Male,Langworth-Volkman,Management Consulting
Gov. Rickey Rowe,louie_casper@gerhold-wunsch.info,1-665-239-8907 x184,Thompson Ranch,East Solomon,Arkansas,Philippines,56981-5736,Male,Male,Howe Inc,Real Estate
Colby O'Reilly,darius@zboncak.info,830-815-8094 x22760,Jenkins Harbors,Stokesmouth,Virginia,Belarus,09167,Female,Non-binary,"Bernier, Kozey and Nikolaus",Food & Beverages
Joanie Pollich,libby@maggio.co,238.998.4772 x1228,Laveta Divide,South Javierberg,Michigan,Lesotho,67510-8658,Male,Female,Schamberger-Breitenberg,Civil Engineering
Graham Rowe MD,yang@collier.biz,675.876.2562,Buckridge Knolls,East Andreburgh,Utah,Sweden,53485-2334,Female,Polygender,Ritchie Inc,Law Enforcement
Natasha Bergnaum,roslyn@kirlin-huel.org,395.440.2442,Feil Lodge,Port Ahmedburgh,West Virginia,Vietnam,99823-4323,Male,Agender,Block-Dooley,Higher Education
Dona Fisher IV,denny.koelpin@hamill.org,243-945-3262 x593,Donny Haven,Maragaretborough,Georgia,Seychelles,70652-2049,Female,Bigender,Hilll LLC,Architecture & Planning
Kurt Bernhard Ret.,rosemarie_mcglynn@yundt.name,(394) 957-8328 x734,Schinner Island,New Starmouth,Arkansas,Suriname,97876-6278,Female,Genderqueer,Yundt-Bednar,Biotechnology
Jeremiah Schmitt,lazaro.murray@ferry.org,573-330-4631 x2249,Skiles Throughway,Lake Luther,Vermont,Rwanda,97199-9349,Female,Female,Miller-Russel,Luxury Goods & Jewelry
Yukiko Kirlin,connie@stehr-abbott.io,122.810.5591 x8109,Larkin Turnpike,New Shaylatown,Michigan,Equatorial Guinea,93219-6364,Female,Bigender,Lebsack-Schmidt,Public Safety
Geraldo Rogahn,beatris.ryan@hane.net,(307) 007-1281 x1021,Hammes Pine,Stammland,Oklahoma,Cameroon,47187-2500,Male,Genderfluid,Glover Group,Tobacco
Sina Turcotte,lexie@wilkinson-bauch.info,781-622-9325 x66634,Lydia Dam,South Miguelina,North Dakota,Morocco,71890,Female,Female,O'Hara-Murray,Commercial Real Estate
Tabitha Legros DC,rolande_homenick@corkery.com,516-384-7031 x048,Weber Tunnel,Lake Jalisa,Tennessee,Philippines,72472,Male,Genderqueer,"Kirlin, Shanahan and Heaney",Farming
Tracey Ritchie,nick@fisher.org,226.777.4407,Joaquin Plains,North Latinamouth,Kentucky,Croatia,24284-0765,Male,Bigender,"Goyette, Prosacco and Kunde",Shipbuilding
Mr. Margart Lynch,clint_kuhic@reichert-morar.net,(190) 676-2680 x6212,Witting Roads,Danniefort,Mississippi,Mongolia,07704-4000,Female,Female,Collier-Crooks,Farming
Mr. Shaun Block,nicolasa@feeney-jakubowski.net,1-223-100-5394 x84308,Von Forks,West Broderickport,Connecticut,Republic of Korea,34715-0771,Male,Agender,Mayert-Gutkowski,Tobacco
Desmond Padberg Ret.,nakisha.abshire@tremblay-wyman.co,(353) 857-8494 x854,Norman Greens,North Teddyview,Oregon,Sri Lanka,21904-1808,Female,Bigender,Parker Group,Public Policy
Gov. Phyliss Weimann,andre@damore.info,278-251-1731,Terrell Garden,West Starlafort,Utah,Germany,74323-9805,Female,Genderfluid,Hahn and Sons,Human Resources
Rusty Bayer,frankie@hermiston-kuhn.biz,(456) 672-4093 x0068,Kilback Ramp,Trompburgh,Tennessee,Solomon Islands,43825-4213,Female,Female,Larkin Group,Publishing
The Hon. Samatha Kohler,tomoko@donnelly-towne.co,1-930-077-3004 x012,Schimmel Viaduct,Vanettaburgh,Wyoming,Mauritius,26614,Female,Agender,Considine-Lynch,Management Consulting
Winfred Lind,fabian.gibson@hayes-schiller.com,919-470-5595,Chau Meadows,South Burt,Missouri,Holy See (Vatican City State),67373,Male,Polygender,Waelchi-Morissette,Luxury Goods & Jewelry
Adalberto Hettinger DC,peter.feeney@volkman-collins.biz,752-434-3068 x9770,Schmitt Pass,North Isaias,Mississippi,Venezuela,84371,Male,Non-binary,"Rath, Altenwerth and Metz",Recreational Facilities and Services
Ellie Weissnat,verline.auer@schroeder.org,255-928-5255 x441,Romaguera Prairie,South Lavern,Texas,Montenegro,98417-0672,Female,Genderfluid,"Lowe, Jaskolski and Beahan",Museums and Institutions
Mr. Joe Vandervort,malinda_homenick@mayert.co,1-768-887-9664 x820,Estella Ford,Damienbury,West Virginia,Afghanistan,17748-8033,Male,Bigender,Wilkinson-Marquardt,Higher Education
Dr. Sylvester Strosin,maryam_leffler@kilback.net,165-863-7681,Crona Tunnel,South Ethanbury,Pennsylvania,Malawi,62176,Female,Genderfluid,"Mills, Murazik and Dickens",Accounting
Eloy Murray,veda_bosco@hansen-sauer.io,684.067.5665 x45965,Ferry Canyon,Fritschstad,Washington,Bulgaria,32870-9016,Male,Polygender,Littel Group,Warehousing
Abram Grady IV,charles_price@turcotte-wolff.info,1-169-761-9503 x90680,Cole Common,Peteview,South Dakota,Montserrat,50866,Male,Non-binary,Jakubowski Inc,Consumer Services
Damion Murazik,dewey.oconnell@kuphal-ryan.co,1-367-931-6804 x95120,Carlton Square,Port Ron,Delaware,Taiwan,04540-5972,Male,Female,Shields LLC,Accounting
Edris Bailey,ross@hirthe.co,174.968.9113 x67368,Anglea Village,Port Alonsotown,Pennsylvania,Samoa,43151-6216,Female,Non-binary,Treutel-O'Hara,Real Estate
Gov. Kam Johnston,isiah.kassulke@effertz-leffler.name,(514) 943-9259 x86179,Ullrich Branch,Port Cortez,Minnesota,United States Minor Outlying Islands,80930-8903,Male,Genderfluid,Waters LLC,Public Policy
Pablo Renner,erasmo.quitzon@mckenzie-schuppe.com,117.649.8690 x47008,Jessenia Spring,Port Dinoborough,Tennessee,Malawi,63751,Male,Female,"Ebert, Trantow and Hermiston",Music
Starla Casper DDS,cary@tillman.info,412.669.0383 x01079,Weimann Expressway,Jakubowskiland,Rhode Island,Fiji,64155,Male,Non-binary,Fisher-Nitzsche,Executive Office
Rev. Gabriela Harber,delmar.kunde@green.org,844-432-2821 x31862,Zboncak Summit,Lake Herlinda,Kansas,Bosnia and Herzegovina,60530,Male,Male,Beer-Runte,Music
Mr. Sam Johns,carolyn@kling.info,1-329-544-8962 x774,Fabian Drives,Port Joan,New Mexico,Finland,50910-0145,Male,Agender,"Johnson, Reichel and Herzog",Warehousing
Josef Bartell,cedrick@sawayn.net,(728) 221-0016,Spencer Shores,Ouidaside,Oregon,Singapore,47751,Female,Female,Bednar-Koepp,Aviation & Aerospace
Violet Wolf,nick.zemlak@walker-klocko.biz,339-165-4642 x60942,Ernser Burgs,East Gerry,Hawaii,Russian Federation,23908,Male,Genderqueer,Becker-Rice,Human Resources
Charlene Treutel JD,clayton_cruickshank@farrell.info,1-685-787-8003 x1140,Terry Oval,New Kevinborough,Washington,Spain,84264,Female,Polygender,Streich-Little,"Leisure, Travel & Tourism"
Zoraida DuBuque,courtney@frami.name,395-799-8383 x355,Jannette Via,North Ronda,Hawaii,Saudi Arabia,13722,Male,Bigender,Gutkowski-Zieme,Hospitality
Hildegard Muller V,brice@huels-sanford.info,(255) 273-5299 x5625,Kasey Burg,Koeppside,Maine,Gabon,38993-5789,Female,Bigender,Hegmann-Abbott,Renewables & Environment
Lashanda Schroeder,marquis@kshlerin.net,751.460.5451 x64120,Noelia Parkway,Bernhardmouth,Wisconsin,Algeria,73767,Male,Genderfluid,"Collins, Nitzsche and Schroeder",Computer Software
Ezra Orn,rico@schumm.co,(696) 362-8677 x939,Thiel Dale,New Yahaira,Utah,Cambodia,89454,Female,Genderqueer,Cruickshank-Nitzsche,International Trade and Development
Dodie Hayes I,marget.oconner@osinski.com,810-553-1470 x607,Marcene Tunnel,North Connie,Hawaii,Israel,81971,Male,Female,Schuster-Bins,Civil Engineering
Rudolf Huel,jamey.berge@schmitt.biz,(912) 574-4159 x4535,Okuneva Row,New Jason,Mississippi,Falkland Islands (Malvinas),79887-5417,Female,Non-binary,"Kuvalis, Skiles and Lueilwitz",Motion Pictures and Film
Iraida Adams JD,dulcie@hahn.com,175.132.3832 x0770,Kassulke Island,Alethiaton,Minnesota,Suriname,50177,Male,Polygender,Bailey Inc,Staffing and Recruiting
Britt Bradtke,dion.bednar@walter.io,(172) 127-8612 x6705,Joaquin Isle,Kendrickbury,Nebraska,Czech Republic,57362,Male,Bigender,"Leuschke, Reichel and Howe",Internet
Mr. Jonathan Rolfson,antone@ledner-harber.name,(986) 714-2376 x77836,Feest Hills,Shanefurt,Indiana,Egypt,46674-4713,Male,Bigender,Bogisich Group,Hospital & Health Care
Clinton Kirlin,jamal.hessel@kerluke.net,469-654-4462 x0718,Dallas Grove,Dachchester,Washington,Spain,92614-5408,Female,Non-binary,Treutel Group,Gambling & Casinos
Leona Kuphal CPA,lemuel@hills-zulauf.io,(877) 906-9665 x07717,Jonell Loaf,Osinskimouth,New Hampshire,Andorra,82093,Female,Agender,Murazik and Sons,Utilities
Sen. Noel Boyle,george.hayes@huel-haag.net,(925) 700-4224 x13862,Parisian Meadow,Alissamouth,Maine,Western Sahara,80154,Male,Female,Toy-Legros,Wholesale
Leon Ondricka,stewart_goodwin@miller.biz,(402) 882-6228 x521,Jeremiah Ways,Goldnerstad,Tennessee,Japan,80333,Male,Bigender,"McDermott, Rempel and Nitzsche",Newspapers
Scottie Lockman,man_heathcote@upton.name,(137) 665-5448,Hegmann Manors,West Jami,Alaska,Macao,99714-7332,Female,Female,Bartoletti-Herzog,Packaging and Containers
Pandora Homenick LLD,myong@reynolds-collins.co,500-917-1164 x824,Marylee Track,New Mckinleyborough,Ohio,Anguilla,38408-4205,Male,Bigender,"Dare, Wiegand and Runte",Internet
Mrs. Junior Sporer,darrick.emard@herzog-davis.org,319-821-9669 x1438,Dicki Cliffs,West Lael,Idaho,Serbia,46544-7011,Male,Genderqueer,Connelly-Farrell,Printing
Ilana Aufderhar DVM,ted_oberbrunner@goldner.org,1-740-404-4786 x12365,Quitzon Pines,Enedinastad,Maine,Rwanda,39120-6713,Male,Genderfluid,"Gusikowski, Thiel and Batz",Commercial Real Estate
Sherlene Bartoletti,horace.gutmann@abbott.info,(592) 069-6692 x39390,Mann Gateway,Parisianfurt,New York,Mali,41965,Male,Non-binary,"Steuber, Walter and Olson",Gambling & Casinos
Fr. Jody Schamberger,zane.schaden@waters.io,393-535-7705 x92128,Bechtelar Island,Boehmfort,Colorado,South Georgia and the South Sandwich Islands,33691-6472,Male,Male,McDermott LLC,Religious Institutions
Echo Harris,donnell.gutmann@ohara-durgan.io,249.233.9186,DuBuque Lodge,Port Ruebenfort,Wisconsin,Democratic People's Republic of Korea,34940,Male,Polygender,Mohr-Strosin,Writing and Editing
Olen Reynolds,benton.ondricka@klein.net,1-829-854-3792,Janetta Rapid,New Haywood,Utah,Taiwan,39792-5503,Female,Genderfluid,Yundt Inc,International Affairs
Jorge Fay DVM,florentino@hagenes.com,143-571-6943,Marx Route,West Winstonburgh,Maine,Iceland,49048-2685,Female,Genderfluid,McLaughlin Inc,Legislative Office
Jame Bogisich,ezekiel.dubuque@hansen-wolff.com,1-956-496-3015 x02975,Block Avenue,Oscarhaven,Arizona,"Virgin Islands, British",13177,Female,Bigender,Tillman Group,Computer & Network Security
Aretha D'Amore,wes_dibbert@walter.co,(567) 133-8788 x96357,Aleshia Glens,North Cassiemouth,Rhode Island,Poland,31404-1542,Female,Polygender,Weber LLC,"Leisure, Travel & Tourism"
Alishia Marks,sandy_fahey@halvorson-fritsch.io,1-298-808-2148 x5778,Weimann Lodge,Port Ricardo,Illinois,Guadeloupe,44586-6516,Female,Male,VonRueden Inc,Consumer Services
Ms. Kortney Sipes,jeremiah@gislason.info,134.999.6474,Stehr Court,North Edyth,Vermont,Reunion,50451-1198,Male,Genderfluid,Vandervort-Quitzon,Maritime
Felica Gerlach,tyler@kessler.biz,603-919-0171 x59183,Schaefer Inlet,Port Bryceborough,Hawaii,Guyana,94878-3192,Male,Female,"Harvey, Pouros and Heathcote",Photography
Mrs. Jonah Sipes,kattie.herman@senger.name,(999) 612-5438,Sang Turnpike,Abshireview,Wisconsin,Afghanistan,06461,Female,Female,Bahringer Inc,Aviation & Aerospace
Virgilio Wiegand,harland@ziemann-hagenes.info,495-143-5816 x888,Kenny Ville,Port Ruthanneton,Arkansas,Burundi,47858-9485,Male,Non-binary,Raynor-Conn,Staffing and Recruiting
Evia Williamson,jacob@orn.biz,220-244-7481 x39264,Thaddeus Inlet,Lake Fernandomouth,Wisconsin,United States Minor Outlying Islands,80612,Male,Agender,Gleason LLC,Political Organization
Marilu Price,gail_stark@dooley.io,1-834-500-6681 x0828,Dario Mission,North Bereniceland,Washington,Montserrat,81713,Female,Agender,Bayer-Buckridge,Computer & Network Security
Madeleine Lakin,mariko.larkin@damore.org,(335) 214-5376 x76847,Homenick Land,Wesleyberg,Kentucky,Serbia,05313-9390,Female,Polygender,"Jakubowski, Grady and Lang",Shipbuilding
Gov. Hayden Hegmann,nancee.frami@reichel-koepp.co,1-421-770-3578 x188,Curtis Burgs,Raumouth,Pennsylvania,Guatemala,04694,Female,Male,"Kris, Gislason and Skiles",Government Administration
Reggie Hegmann,kathryne_lesch@kihn.org,398.344.5479 x0292,Marietta Crossroad,North Brianna,Mississippi,Venezuela,41762-3413,Female,Agender,"Gerlach, Wehner and Bechtelar",Paper & Forest Products
Hilma Wisoky,katherin@renner.net,292.482.8745 x75150,Stiedemann Fords,Runolfsdottirborough,Wyoming,Italy,42313-4874,Female,Male,Dicki and Sons,Ranching
Ms. Lilla Gusikowski,carlton@conn.io,691-085-2184,Hannah Plaza,Leatriceborough,New Mexico,Djibouti,52402-3446,Female,Non-binary,Beier-Greenfelder,Security and Investigations
Sen. Karisa Torp,reyna@witting-howe.net,708-032-6911 x7503,Pagac Motorway,Champlinview,Michigan,American Samoa,45286,Male,Male,Wehner and Sons,Judiciary
Isaac Kshlerin LLD,vannesa@blick.biz,171.011.4566 x6119,Collier Passage,New Nyla,Arkansas,Cayman Islands,76859-8290,Female,Female,"Spencer, Kautzer and Larkin",Shipbuilding
Laraine Beier,forest_reynolds@koelpin-olson.org,(966) 513-4481 x04384,Lockman Place,Cummingschester,Maryland,Kiribati,26121,Male,Genderfluid,"Bergnaum, Kautzer and Ruecker",Military
Donnell Parker,ty@smith-kertzmann.biz,(635) 754-6690 x79388,Soraya Glens,Moenport,Georgia,Colombia,68259,Male,Agender,"Buckridge, Willms and Koepp",Civic & Social Organization
Isaura Leffler,mel@marks.com,(575) 836-9846 x399,Schultz Lock,Lynchbury,North Carolina,Bangladesh,83363,Female,Non-binary,"Kub, Langosh and Buckridge",Luxury Goods & Jewelry
Ernest Goodwin,cassy_abbott@spinka-ferry.biz,1-469-276-8770 x2823,Perry Inlet,North Vernettaton,Hawaii,Saint Pierre and Miquelon,50728,Male,Genderqueer,Jacobson LLC,Museums and Institutions
Lazaro Miller PhD,kanisha@pollich.io,350.395.5737 x719,Numbers Crossing,Wolfffort,California,Liberia,12881,Female,Genderfluid,"Schaden, Stanton and Stamm",Capital Markets
Ms. Curtis Stracke,jaime@osinski.info,1-957-124-5263 x666,Koelpin Shoals,Lonnieburgh,South Carolina,Russian Federation,10691,Male,Genderqueer,Kub Group,Transportation / Trucking / Railroad
Jason Lueilwitz,morton.mclaughlin@strosin.net,(237) 929-1252 x83186,Kum Mill,Breannaton,South Carolina,Bolivia,55483,Female,Genderqueer,"Fay, Collins and Maggio","Leisure, Travel & Tourism"
Alda Hills PhD,lennie@tromp.com,1-143-693-6622 x772,Luettgen Row,Bashirianmouth,Utah,Equatorial Guinea,32672,Male,Agender,Larson Group,Market Research
Earline Reilly PhD,zita@wisoky.biz,500.120.4938 x1174,Volkman Viaduct,Lake Verniceville,Utah,Cote d'Ivoire,69549-5424,Male,Genderfluid,Dibbert-Jerde,Wholesale
Richard Barton DDS,jamie.raynor@morissette.biz,568-840-4295,Leonardo Dam,East Nieshaside,Idaho,Cote d'Ivoire,72174,Male,Bigender,Mante Group,Security and Investigations
Luanne Rice,marsha_corkery@stoltenberg-cummings.info,1-728-615-5045 x485,Ozie Unions,New Gillian,Wyoming,New Caledonia,10265-8578,Female,Agender,Weimann-Kihn,Education Management
Cassey Lueilwitz,cherri@quigley.name,299-775-6846 x5587,Rolfson Circle,Bernierside,Nevada,Vietnam,96549-3359,Female,Female,"Bruen, Shields and Wehner",Consumer Goods
Aldo Hoppe,louis_kling@schamberger.co,1-321-233-7768 x9941,Langosh Expressway,Antonebury,Kansas,Kiribati,25623,Male,Female,Rath Group,Management Consulting
Msgr. Kacie Toy,fonda_halvorson@mcdermott.com,(131) 101-8309,Goldner Plains,North Cristenshire,Nevada,Fiji,48946,Female,Genderqueer,Stark-Pfannerstill,Hospital & Health Care
Roselee Langworth,vance_schneider@fay-mueller.com,(228) 626-9409,Langworth Spurs,North Ali,Louisiana,Senegal,48899-4272,Female,Polygender,Quitzon Group,Aviation & Aerospace
Robin Haag,marion.dubuque@halvorson.org,247.692.0753 x26135,Watsica Shores,Mylesstad,Delaware,Georgia,70551-0801,Male,Agender,Schultz and Sons,Graphic Design
Filiberto Fadel,katelin.ullrich@schoen-stamm.org,(647) 841-4196 x6596,Laurene Tunnel,East Chance,North Dakota,French Southern Territories,63392-2574,Female,Male,Donnelly-Shanahan,Mechanical or Industrial Engineering
Dorinda Watsica,curtis@bogan.biz,1-353-757-3775 x621,Shalanda Dale,West Leonfurt,Vermont,Chad,67185-5026,Male,Genderqueer,"Littel, Walker and Mayer",Capital Markets
Darren Pfannerstill,matt@ebert.info,(730) 874-5295 x7149,Dana Dale,Jakubowskitown,California,Saint Kitts and Nevis,58761,Male,Bigender,Price LLC,Mining & Metals
Alex Shanahan,doloris@okon.com,1-976-563-3879 x904,Fritsch Lakes,Sergiomouth,Wisconsin,Nepal,07690,Female,Genderqueer,Hackett-Grant,Printing
Ezekiel Prohaska,mickey.harvey@rosenbaum.io,1-193-678-7696,Ambrose Haven,South Danhaven,California,France,34750-1125,Male,Genderqueer,"Jakubowski, Wuckert and Towne",Nanotechnology
Aide Jakubowski,alane@sporer.com,657-957-4480,Gleason Mount,North Jannettemouth,Alabama,Tanzania,81502-0439,Female,Agender,Leuschke LLC,Internet
Alanna Homenick,felisa@mcdermott.co,259-656-9263 x98634,McGlynn Burg,Hassietown,South Dakota,Latvia,82196,Male,Bigender,Koelpin-Jast,Building Materials
Harold Green V,rochelle@schulist.info,1-427-518-9930,Harrison Heights,New Leland,North Carolina,Armenia,94101,Male,Male,Bartell-Wisozk,Human Resources
Leia Kuvalis,woodrow.waelchi@klein-rath.biz,306.762.4158 x353,Fernande Locks,Powlowskimouth,Indiana,Palestinian Territory,85202,Female,Polygender,Ullrich-Schowalter,Defense & Space
Fr. Tory Johnson,gil@conn-sporer.org,(322) 540-4831,Lowe Causeway,Lake Kaylaberg,Kansas,Bermuda,55684,Male,Genderqueer,"Schuster, Hauck and Witting",Wine and Spirits
Norman Rath,murray.veum@wyman.name,989.121.7376 x002,Johnston Groves,North Milo,Virginia,Haiti,26392,Male,Polygender,Hudson Inc,Defense & Space
Ms. Junko Abernathy,jonah_schoen@altenwerth.name,466-913-4191 x1575,Nolan Mountains,New Merle,California,Benin,26486-0114,Male,Non-binary,Johnson-Lindgren,Railroad Manufacture
Trenton Grant,shin@lueilwitz-watsica.org,1-511-653-7600,Tromp Fork,Pfannerstillstad,Montana,Norfolk Island,68855-7869,Male,Non-binary,Johns LLC,Banking
Adalberto Yundt,leonel@bednar.info,166.804.2204 x46331,Pat Estates,South Clyde,Utah,Turkmenistan,32286,Male,Non-binary,Pacocha-Koss,Construction
Tawanda Wyman Esq.,annika@glover.io,371.597.7748 x4669,Corwin Court,Susannahfurt,Alaska,Eritrea,25918,Female,Genderfluid,Gerhold Inc,Apparel & Fashion
Edith Mayert,carole_reinger@tremblay.name,(454) 466-4646 x444,Torphy Inlet,North Bebe,Connecticut,Sudan,93703-5892,Male,Agender,Gutkowski-Jerde,Veterinary
Pasquale Buckridge,adrian_hauck@welch-jones.co,590.513.4124,Tracee Station,Lake Shavonnehaven,Delaware,Holy See (Vatican City State),72379-6745,Female,Genderfluid,Hyatt Group,Biotechnology
Lane Walter MD,annie@kshlerin-heidenreich.io,897.578.7391 x3188,Bode Lodge,Milissastad,South Dakota,Israel,73664,Female,Female,"Batz, Bogan and Kling",Translation and Localization
Rosella Blanda,williams@schinner-schamberger.co,1-251-241-8845 x875,Lenora Via,New Carltonstad,Utah,United States Minor Outlying Islands,69555-2095,Female,Non-binary,Braun-Stanton,Dairy
Tabetha Denesik,buck.mayer@larkin.name,869.370.2972 x97235,Nitzsche Corners,East Alva,Oklahoma,Grenada,84381-5646,Female,Agender,Metz-Kling,Program Development
Irmgard Kuhic,sidney@weber.biz,(800) 764-5944,Hackett Squares,North Asuncionmouth,Nebraska,Kenya,23910,Male,Bigender,Mitchell-Howe,Renewables & Environment
Johnathan Kuvalis,bob.rippin@okuneva.info,(651) 761-9450,Satterfield Divide,Brakusville,West Virginia,Congo,43090-9343,Male,Female,"Schaefer, Bradtke and Ryan",Furniture
Annika Leannon,cesar@macgyver.net,609.045.0009 x456,Tami Squares,Vivianstad,Alaska,Zimbabwe,90337,Female,Genderqueer,"Glover, Rutherford and Murray",Printing
Maida Crist,william@denesik.io,(644) 021-9562 x1567,Lyman Lane,Lake Salvatore,North Carolina,Zimbabwe,26568-3754,Male,Genderqueer,Von-Spinka,Newspapers
Merrill Kihn,shanta@hudson.co,158-769-4713 x52576,Porfirio Falls,North Agnesview,Kansas,Angola,20620-7378,Female,Male,"Harris, Klein and Schumm",Public Policy
Derek Shanahan,kyong_yundt@effertz.biz,193.931.1847,Eleni Lock,Lake Lucien,Minnesota,India,64698,Female,Polygender,"Jerde, Veum and Hand",Research
Dr. Norman Dicki,deshawn@stoltenberg.co,(856) 828-5716 x9024,Shawn Drive,Schillermouth,Kentucky,Italy,25734-2279,Male,Agender,Senger LLC,Performing Arts
Lala Keebler,jeffrey@paucek.biz,1-108-907-8684 x123,Russel Squares,South Nila,Maine,Guam,01094,Male,Genderfluid,Toy-Gerhold,Fine Art
Rep. Bryon Spinka,jaime.turner@ondricka.biz,437.982.1035 x9689,Birgit Road,Amieefort,California,New Caledonia,49120-6380,Female,Genderfluid,"Russel, Rutherford and Cartwright",Wine and Spirits
Margarita Strosin,tristan_kilback@donnelly.com,775-115-2200 x61024,Grant Streets,Thompsonhaven,Alaska,Djibouti,19243,Male,Genderqueer,"Crooks, Mosciski and Volkman",Printing
Lenna Stroman DC,hiram@kautzer.name,(441) 205-0669 x80334,Keeling Lane,Port Irwintown,Rhode Island,Saint Helena,81093,Male,Male,Kohler Inc,Textiles
Laurence Mayert,teodoro_jenkins@beahan.org,1-326-046-8067 x585,Schultz Wall,North Eladia,Alabama,Guinea-Bissau,47188,Male,Genderqueer,Crooks-Spencer,Airlines / Aviation
Candie Stoltenberg,syble.watsica@fay.info,1-539-701-4101 x039,Antony Tunnel,South Vitoland,Massachusetts,Saint Martin,43094,Male,Agender,Kunde and Sons,Religious Institutions
Mervin Hilpert DDS,francisco@white.biz,(455) 308-9418 x7106,Homenick Bypass,Lake Johanneland,Kentucky,Syrian Arab Republic,62619-3713,Male,Polygender,Nienow and Sons,Law Practice
Lakesha Hand,darwin_stiedemann@harvey.name,1-693-082-3999 x23719,Sawayn Turnpike,South Odisside,Louisiana,Cocos (Keeling) Islands,57613,Male,Polygender,Braun-Champlin,International Affairs
Rudolph Stiedemann,felipe@berge.name,829-749-8873 x34450,Lonny Square,Allineton,Wisconsin,Nauru,65303,Female,Genderqueer,"Hettinger, O'Conner and Jakubowski",Internet
Tarah Hudson III,kandra@pacocha-schmidt.net,791.916.4529 x8660,Edward Terrace,Vandervortview,Maine,Guyana,88482,Male,Female,Farrell Group,Mechanical or Industrial Engineering
Waneta Rogahn,louetta@keeling.org,820.197.5549 x274,Kennith Loaf,Seymourburgh,Kansas,Singapore,47018,Male,Female,Hermiston-Wilderman,Computer & Network Security
Becky Bartell,sherice.bosco@halvorson-wuckert.info,1-327-704-0084 x92810,Christy Motorway,New Warrenland,Colorado,Indonesia,78346-2543,Female,Genderfluid,Vandervort-Hoeger,Professional Training & Coaching
Belle Cole,lon_morissette@hand-wunsch.name,318-640-6425,Houston Falls,New Ty,Virginia,United States of America,42690,Male,Female,McClure Group,Railroad Manufacture
Miss Stevie Zieme,stefania.greenfelder@abshire.com,(642) 304-4992,Rich Mount,Caseystad,Illinois,India,16914-2092,Male,Bigender,Maggio LLC,Professional Training & Coaching
Brain Roberts,joe.vonrueden@conn.name,(830) 340-4385 x531,O'Connell Street,Mannview,New Mexico,Maldives,16955,Female,Agender,Kunde and Sons,Music
Pres. Jacalyn Walsh,robbie@blick.org,(167) 219-8938,Bernie Estates,East Rueben,Iowa,Vietnam,48207-6387,Female,Bigender,"Ortiz, Hirthe and Hintz",Computer Hardware
Toby Vandervort PhD,jenifer@kilback.co,804.793.1171 x773,Kirlin Prairie,Trompstad,West Virginia,Congo,70625-5360,Female,Genderfluid,Sporer-Lowe,Transportation / Trucking / Railroad
Stan Koch,michale@daniel-dibbert.com,(799) 415-0023 x43890,Grimes Port,Bechtelarmouth,New Hampshire,Netherlands Antilles,14242,Female,Genderqueer,"Windler, Borer and Berge",Construction
Olen Littel DVM,jacquetta_mitchell@haag-sawayn.net,(175) 569-7217 x4158,Cummerata Mountains,Joesphburgh,Louisiana,Norfolk Island,01117-1292,Female,Agender,Grant-Douglas,Fine Art
Keenan Connelly,ivan.ernser@stamm.org,(906) 533-6939 x48139,Daniel Run,North Nathaniel,North Carolina,Bahrain,64672-8436,Female,Genderfluid,Feest-Orn,Telecommunications
Dr. Ramiro King,kenneth_schumm@wehner.name,867-248-7565 x64151,Moen Mills,Mindaland,Virginia,Argentina,88131,Female,Male,Gleason and Sons,Furniture
Dr. Samara Jacobi,vi@reichert.co,(450) 562-9943 x2111,Rich Throughway,Brantside,Ohio,Jordan,80668,Female,Genderqueer,Kilback-Cassin,Apparel & Fashion
Terra Waelchi,min@hermann-crist.net,1-981-252-4124 x95026,Waters Square,Schmittborough,North Dakota,Mexico,03966,Female,Polygender,"Kulas, Prosacco and Schuster",Information Services
Doug Smith,gricelda_nitzsche@kautzer-lowe.org,(196) 707-7500 x5271,Rippin Plains,Lake Ryan,Nevada,Mauritania,09463-8286,Female,Female,Lindgren Inc,Industrial Automation
Imelda Durgan,marylyn@hodkiewicz-mann.io,272-703-0263 x34407,Barton Fall,Modestotown,Iowa,Jamaica,82838,Female,Agender,"Rodriguez, Leuschke and Lueilwitz",Business Supplies and Equipment
Anneliese Dibbert PhD,yuette.swift@hilll.biz,(260) 500-7229 x00887,Emmanuel Plaza,East Etta,North Carolina,Swaziland,15477-8558,Female,Agender,Mayer LLC,Fine Art
Rey Homenick,matthew@corkery-hagenes.name,(224) 508-3962 x9964,DuBuque Vista,Inesport,Indiana,Saudi Arabia,76416,Male,Genderqueer,"Cartwright, Durgan and Bradtke",Libraries
Francisco Kuhn,ariel.schultz@kub.org,(897) 623-4562 x92043,Ahmed Extensions,West Janiemouth,North Carolina,Gibraltar,49039-8852,Male,Polygender,Jenkins Inc,Recreational Facilities and Services
Jonathon Rosenbaum,joy@gutmann.biz,891-977-2428,Corey Underpass,Vandervortside,Rhode Island,Botswana,30172,Male,Polygender,"Blick, Lakin and Mueller",Medical Practice
Amb. Kenton Pouros,christa.effertz@bergstrom.biz,1-792-982-2519 x57425,Shellie Meadow,Madgeberg,Oklahoma,Hong Kong,01014,Male,Polygender,Lakin Group,Transportation / Trucking / Railroad
Darcel Dach VM,scarlet@littel-thiel.name,(380) 787-2814 x7970,Weissnat Cove,Goyetteview,New Hampshire,Saint Helena,80910,Male,Male,Schowalter-Swaniawski,Computer Hardware
Tenesha Gerhold Sr.,dwain@crooks.biz,620.675.9358,Torie Pike,Carterfurt,Louisiana,Liechtenstein,39084,Male,Genderfluid,Hackett-Feeney,International Affairs
Hubert Kutch Jr.,virgilio.ward@stark.io,914-907-6722 x4718,Charlott Ports,Kerriview,Arizona,Botswana,73308-4451,Male,Male,Wolf-Beatty,Airlines / Aviation
Quinn Boehm,dallas_leffler@lehner.io,436-627-6699 x591,King Rest,South Valentin,Missouri,Equatorial Guinea,76507-3955,Male,Male,"Ferry, Lemke and McGlynn",Program Development
Everette Breitenberg,wally@russel.com,1-669-491-9556 x5983,Yundt Walks,Wayneview,Tennessee,Uganda,83636,Female,Agender,"Pouros, Wyman and Windler",Financial Services
Waldo Bogan,vivien_powlowski@greenholt.org,817-592-1925 x0175,Rolf Course,South Aurea,Tennessee,Dominican Republic,18396,Female,Female,Collier-Berge,Accounting
Joel Wolf MD,joya.bashirian@mcglynn.info,(668) 897-6278 x5694,Gorczany Roads,East Coryfort,Maine,Saint Helena,59647,Female,Female,"Kerluke, Corkery and Bechtelar",Medical Devices
Gabriel Strosin,salena.lang@stiedemann.biz,1-347-965-3148 x06911,Klein Walks,Gerholdland,Massachusetts,United States Minor Outlying Islands,83042,Male,Genderfluid,"Macejkovic, Stark and Reinger",Newspapers
Msgr. Nubia Gutmann,danyelle@mueller.com,260-469-7631 x93405,Kautzer Bypass,South Jordan,Maine,Greece,07175-9079,Female,Polygender,Steuber-MacGyver,Plastics
Gov. Joelle White,irene@kuhn.name,496-933-7939 x536,Augustus Loop,East Del,Arizona,Vanuatu,04798,Male,Female,Fahey LLC,Electrical / Electronic Manufacturing
Pres. Teddy Schamberger,cristobal@macgyver.info,570-668-1887 x978,Olson Canyon,Port Dell,Georgia,American Samoa,68059,Female,Genderfluid,Conroy Group,Textiles
Trey Hintz,lael@rau.name,1-199-062-6062 x14985,Jeana Run,Raulbury,Massachusetts,Tonga,96734,Female,Genderqueer,"Trantow, Daniel and Wiegand",Tobacco
Marc Marvin,fred_konopelski@schmitt.net,365-450-1151,Mayert Avenue,East Josue,Colorado,Taiwan,30262-0673,Male,Genderqueer,"Bernier, Kiehn and Rowe",Investment Banking
Yahaira Ziemann Sr.,lyman@rodriguez.biz,1-927-225-3172,Welch Centers,Wesleyberg,Pennsylvania,Netherlands,13051,Female,Agender,Rutherford Inc,Packaging and Containers
Miss Roxann Luettgen,russel@renner.name,(623) 122-1290 x21155,Bethany Stravenue,New Estherport,Alaska,Comoros,53626-6794,Female,Agender,"Lowe, Metz and West",Newspapers
Sen. Lashawnda Blanda,edgardo@von-rogahn.com,343.447.6063 x076,Wehner Loaf,Port Lonnie,Kansas,Thailand,34194-0386,Male,Agender,"Reilly, Walker and Sporer",Mechanical or Industrial Engineering
Madge Langworth VM,tyrone@collins.com,642-350-5383 x0858,Kunze Center,Lashaunhaven,Vermont,Netherlands Antilles,00230,Male,Bigender,Wisozk-McClure,Textiles
Kelley Hartmann,darnell@tremblay-weber.org,(610) 444-2828 x45219,Oberbrunner Loaf,New Whitley,Vermont,Saint Pierre and Miquelon,67954,Female,Bigender,Hamill-Gulgowski,E-Learning
Mrs. Felisha Padberg,bernita_douglas@nitzsche.net,(453) 788-7682,Reginald Gateway,East Jerrell,Nebraska,Liechtenstein,31618,Male,Female,Torphy-Gutmann,Real Estate
Rene Kunze,annett_effertz@ernser.io,320-460-5320 x07131,Margert Fall,South Marianoburgh,Colorado,Lebanon,21033,Female,Genderqueer,Labadie-Paucek,Sports
Miss Damian Pacocha,shaquana.watsica@lehner-mitchell.org,1-528-407-1022 x0545,Gerardo Via,Lake Yukiborough,Utah,Brunei Darussalam,36196,Male,Genderfluid,Hamill Inc,Government Relations
Gov. Vickie Haley,gilbert.spinka@donnelly.name,1-772-189-9043,White Circle,Sanjuanachester,Mississippi,Austria,69846,Male,Agender,"Cronin, Morar and Okuneva",Venture Capital & Private Equity
Lon Grady,ivonne_little@shields.info,1-543-163-4889 x10307,Lavonia Skyway,West Warren,Alaska,Guadeloupe,05636-5530,Male,Male,Beahan-Green,Internet
Evangeline Pouros,harold_kozey@mitchell.net,789.689.3676 x245,Mario Mountains,Port Beau,Delaware,Martinique,60544-7810,Female,Bigender,Prohaska-Schmitt,Food & Beverages
Berniece Murazik,les_denesik@kihn-rodriguez.io,(224) 019-3748 x42500,Lawrence Groves,East Vincentview,Delaware,Jamaica,12837-7363,Male,Agender,Monahan-Swaniawski,Shipbuilding
Karlene Roberts V,tamiko@damore.info,(729) 891-5041,Joel Drive,Grahamshire,Rhode Island,Reunion,97161-0486,Male,Bigender,Muller and Sons,Architecture & Planning
Hope Walker,mikel_flatley@breitenberg-bode.biz,(107) 557-3002 x2747,Yong Mountains,Morrisland,South Carolina,Faroe Islands,56784-0589,Female,Genderqueer,"Kertzmann, Armstrong and Powlowski",Utilities
Shae Zboncak,johnny@franecki.co,1-814-534-7281 x0642,Tory Rapids,Hamillfort,Oregon,Fiji,78854-3760,Male,Polygender,Rogahn Inc,Management Consulting
Kelsi Cronin JD,wen@watsica.name,347.542.4286 x9302,Rudy Stravenue,Luigishire,Connecticut,Belize,63334,Male,Female,Bode-Ernser,Market Research
Charles Stroman DO,quinn@roberts.biz,1-919-613-2537 x036,Christiane Plain,Lauricefort,South Dakota,Ethiopia,63666,Male,Genderfluid,"Smith, Nader and Marks",Construction
Lorie Franecki,sommer@stamm.info,543.027.0870 x74138,Gaynelle Turnpike,Rogahnburgh,North Carolina,Saudi Arabia,09916-2967,Male,Male,Lueilwitz-Adams,Market Research
Arminda Hermann,denis@hickle.net,180.353.6937,Hahn Plaza,Kirlinfurt,Colorado,Colombia,55853,Male,Female,Cruickshank-Trantow,Automotive
Corey Kautzer,armando@mcdermott.co,(183) 624-5772 x49189,Patricia Tunnel,North Freddy,Georgia,Benin,26051-7560,Female,Female,Waelchi-Jacobson,Consumer Electronics
Ivory Glover PhD,kiyoko.stanton@adams-yost.info,163.698.7431 x5087,Sherwood Walks,West Gordonstad,Idaho,Kenya,64364-8603,Male,Male,Pollich-Collins,Dairy
Gladys Bayer,roselee@schulist.com,328.113.3004,Swaniawski Stravenue,Townemouth,Minnesota,Martinique,19196,Male,Genderqueer,Cormier-Hilpert,Telecommunications
Terry Jakubowski,perla.stracke@hintz-oconner.co,403.207.8783 x22984,Jacque Street,Hilllville,West Virginia,Finland,02304-7671,Female,Polygender,Schaden-Brekke,Military
Nam Lockman,seth_jakubowski@predovic.org,1-610-640-0300 x60339,Bea Pines,New Tien,Montana,Kazakhstan,59647-2592,Female,Male,Zieme Inc,Food & Beverages
Morris Feeney,patricia.goodwin@west.biz,643-548-1357 x3232,Art Corner,Zboncakbury,North Carolina,Syrian Arab Republic,55675-5066,Female,Male,"Hermiston, Huel and Collier",Motion Pictures and Film
Ms. Curtis Turcotte,shaneka.wolf@corkery.com,828.258.7439 x94087,Hills Locks,East Lingfurt,Texas,Mongolia,63971,Female,Non-binary,Skiles Inc,Photography
Vern Bogan,jewel.wunsch@okeefe.co,489-468-9770 x55805,Gibson Loop,Bergstromview,Hawaii,Albania,17556-6350,Female,Non-binary,Schimmel Inc,Paper & Forest Products
Buster Hahn,douglas@brekke-howe.name,(128) 520-1766 x52657,Emmerich Views,New Dillonview,Iowa,Sudan,44858,Female,Polygender,Lang-Beer,Market Research
Rep. Antony Gutkowski,francisco@witting-satterfield.net,(794) 134-9828 x6593,O'Reilly Islands,Veumchester,Arizona,Hong Kong,17548,Male,Bigender,"Waters, Langworth and Reichert",Utilities
Fr. Rhett Lebsack,ciera@bins.com,(830) 942-0282 x886,Champlin Shores,Port Gabriella,Wisconsin,Slovenia,64662-2488,Female,Polygender,Hoeger-Brown,Legislative Office
Wayne Monahan,jannette.kovacek@bernier.info,402-220-4693 x551,Manuel Spring,West Bette,Nevada,Mayotte,90240-5729,Male,Bigender,Hermann and Sons,E-Learning
Numbers Hessel,eugenio_littel@ullrich.com,(201) 180-2962 x09934,Larry Haven,Fritschland,West Virginia,United States of America,09250-0090,Female,Genderfluid,Gibson-Swaniawski,Capital Markets
Lynwood Murray,scott@cormier.org,(289) 852-7722,Conn Circle,East Kraig,West Virginia,Lesotho,63337,Male,Genderfluid,Volkman-Rath,Performing Arts
Inell Moen,buster.feil@cruickshank.com,(506) 021-9655 x6997,Jerome Key,Ciraberg,Ohio,Belize,90456,Male,Polygender,Waelchi Group,Facilities Services
Staci Huel,melony_schultz@hamill.name,466-872-7264 x03226,Langosh Summit,West Edwin,Maine,Sri Lanka,93689,Male,Agender,Hoppe-Pollich,Gambling & Casinos
Von Mraz,major@ferry.name,242.637.8205 x655,Walker Oval,Wintheiserstad,Massachusetts,Pitcairn Islands,88007,Male,Non-binary,Tromp-O'Reilly,Law Practice
Tarah Emmerich,sharyl@bahringer.info,575-885-6805,Una Rest,Magdalenemouth,Mississippi,Iran,75333,Female,Genderfluid,Wiza Group,Alternative Dispute Resolution
Coreen Turner Esq.,evangelina@cartwright-hilll.com,408.050.0551 x141,Williamson Port,Lanburgh,Nebraska,Democratic People's Republic of Korea,40200-0043,Female,Bigender,Glover-Ledner,Law Practice
Ricky Becker,erwin.murray@oconnell-satterfield.org,1-994-316-6755 x0977,Kenneth Trail,Lake Columbus,Delaware,Ecuador,41658,Male,Non-binary,Ledner Group,Staffing and Recruiting
Sindy Abbott,aurora_altenwerth@fisher.io,(881) 358-4917,Tawnya Mount,Arnulfofort,Mississippi,Turkey,25104-5849,Female,Genderqueer,Waters-Miller,Museums and Institutions
Minh Waters,christopher.beier@mcdermott.org,114.176.1889 x91509,Lecia Parkway,Loweberg,Texas,Nauru,07532-2353,Female,Genderfluid,Bergstrom-Cremin,Veterinary
Brenna Krajcik,winston.terry@corwin.name,139-246-5443,Lueilwitz Greens,North Yetta,Nebraska,Cambodia,33456,Male,Genderfluid,"O'Reilly, Skiles and Hamill",Higher Education
Jeanetta Konopelski,mallie.feest@feest-botsford.net,350.292.6248,Willis Road,New Yvonneport,California,Swaziland,84206,Male,Male,Mayer LLC,Logistics and Supply Chain
Frank Hagenes,elda_dubuque@kihn.co,566.333.6411,Colene Parkways,New Noestad,Missouri,Sudan,07002,Male,Agender,Schmidt and Sons,Law Enforcement
Jamey Kris,carol@baumbach.org,773-488-3811 x66772,Erdman Tunnel,Legrosfort,Georgia,Marshall Islands,40940,Male,Genderqueer,"Strosin, Collins and Brown","Leisure, Travel & Tourism"
Nita Mraz,warner.homenick@schuster.biz,101-081-4599,Thompson Spring,Teressaburgh,Tennessee,Bangladesh,93666-1738,Female,Non-binary,Hills-D'Amore,Individual & Family Services
Malcolm Kris,thomasina_hane@stark.com,438-117-5134 x222,Lezlie Road,Dottyshire,Nebraska,Serbia,56772,Male,Agender,Cartwright LLC,Law Practice
Collette Turcotte DVM,nicola_mraz@botsford.com,(655) 320-4792 x60673,Pagac Vista,New Jame,Kansas,Iceland,10691-3004,Female,Female,"Roob, Bergstrom and Zemlak",Human Resources
Ervin Langosh MD,erich.kunde@shields.biz,458-457-5531,Kulas Freeway,Jessieport,Arizona,American Samoa,02731-8953,Male,Female,"Braun, Johnston and Batz",Building Materials
Tom Schaefer III,delcie@hartmann.info,1-864-649-6306 x070,Claribel Ramp,South German,Kentucky,Tokelau,74985,Female,Male,"O'Reilly, Vandervort and Johnson",Military
Lyman Pollich DVM,lucius@hoppe-blanda.org,(845) 803-9976 x9697,Olive Prairie,Hectorfurt,Oregon,Svalbard & Jan Mayen Islands,94227-4631,Male,Bigender,Kuvalis LLC,Museums and Institutions
Hai Carter V,charlesetta_gusikowski@mohr-leuschke.co,887.425.1922,Mammie Pass,East Zina,Nevada,Lebanon,83367-4966,Female,Agender,Turcotte and Sons,Supermarkets
Lou Franecki,lashaun.wilkinson@bergnaum.io,1-351-529-4866,Corinna Walks,Buckridgemouth,Michigan,Morocco,53238-5705,Female,Male,Schultz-Nikolaus,"Leisure, Travel & Tourism"
Leroy Fritsch,sydney@ruecker.info,(204) 749-4651 x8001,Parisian Port,North Christy,Iowa,Albania,24838-2687,Male,Non-binary,Prohaska-Bogisich,Business Supplies and Equipment
Valeri Howe III,stephen@oconner-skiles.org,883-560-3760 x2270,Greenholt Wells,Ressieland,Texas,Israel,51623,Female,Non-binary,Homenick-Farrell,Political Organization
Martin Rowe,twana.hansen@nicolas.co,693-293-5475,Friesen Stravenue,West Nellie,Alabama,Heard Island and McDonald Islands,48456,Female,Non-binary,"Schultz, Jacobson and Nikolaus",Public Safety
Mr. Leida Hyatt,bud_larson@bergnaum-hartmann.biz,(824) 470-1752 x74726,Haley Corner,Lake Justin,Virginia,Tuvalu,48795,Male,Bigender,McLaughlin and Sons,Financial Services
Mrs. Ismael Hettinger,naoma.trantow@schuppe.net,1-272-721-3733 x53586,Herzog Alley,Kizzystad,Alabama,Yemen,19434,Female,Genderqueer,Cronin LLC,Cosmetics
Matthew Emard DVM,carlton_grant@ondricka.io,928.729.4876 x4093,Demetrius Forest,Dillonland,Nebraska,Burundi,23832,Male,Female,Cummings-Schulist,Telecommunications
Zackary Wiza,dorsey@adams-hansen.info,1-477-638-7649 x94076,Lavinia Expressway,Reynoldsborough,Georgia,Bulgaria,78292,Male,Female,Lubowitz and Sons,Oil & Energy
Nam Corkery,darell_larkin@heaney.net,338-310-1516 x0822,White Row,Margretview,West Virginia,Rwanda,28138,Female,Bigender,"McGlynn, Fay and Bauch",Government Relations
Marc O'Keefe,tyson@mraz.co,(552) 930-3306 x6543,Linwood Ford,Haleyborough,Iowa,Lebanon,33897-4960,Female,Non-binary,Kutch-Mertz,Environmental Services
Ronnie Hoeger,lavern@mayer.net,209-567-4970 x915,Muller Brooks,East Dino,Colorado,Tuvalu,75222-1509,Male,Bigender,Kuhic Group,Computer Software
Murray Green,mckinley_langworth@ratke.name,(232) 088-2149 x6605,Gaston Mountains,Monserrateside,New Mexico,Jordan,11209-0576,Female,Non-binary,Nienow-Huels,Electrical / Electronic Manufacturing
Veda Friesen Ret.,debra_beahan@hilpert-runolfsson.io,654-087-4403 x00819,Prohaska Spring,Schowaltermouth,Alaska,Yemen,90052-3621,Female,Bigender,Kuhic LLC,Building Materials
Eura Heaney VM,jerome@harber.net,1-706-229-2199,Alda Plain,South Brentshire,Minnesota,Palestinian Territory,40775,Female,Female,"Daugherty, Lakin and Ritchie","Glass, Ceramics & Concrete"
Jamey Kiehn,stewart_christiansen@morar-balistreri.com,967-769-2443 x7238,Weissnat Inlet,Port Torrie,Tennessee,New Zealand,50163-3979,Male,Genderfluid,Bergstrom Inc,Civil Engineering
Hosea Schmitt,maximo_feil@botsford.org,(710) 794-8952 x4433,Cole Greens,West Zellamouth,Pennsylvania,Barbados,35079,Female,Bigender,Larkin-Quigley,Insurance
Yetta Feest,chanda.gislason@hagenes-bailey.com,(269) 862-4709,Malorie Drive,East Mirella,New York,Afghanistan,01743,Female,Agender,Dibbert Group,Think Tanks
Nilsa Swaniawski,hortensia@boyle-johnston.info,(923) 576-8223 x18276,Beth Mission,Lake Malissa,Vermont,American Samoa,59281,Male,Polygender,Fahey Inc,Program Development
Frederic Ziemann,denyse_brown@macgyver-aufderhar.info,719-207-6050,Braun Road,Erdmanmouth,Michigan,Peru,01474-9734,Male,Male,Schiller-Haag,Law Enforcement
Heather Casper VM,laverna.blick@haag.io,1-358-791-3940 x84558,Reichel Estates,West Lucien,Wyoming,Cape Verde,21824-3067,Female,Genderqueer,"Dibbert, Ortiz and Lueilwitz",Law Practice
Seth Bogisich Esq.,shaunte.kub@kilback.org,831-780-5659 x860,Brianna Port,South Maynardhaven,North Dakota,Saint Kitts and Nevis,53081,Male,Genderfluid,"Terry, Huels and Berge",E-Learning
The Hon. Shelba Pagac,cole@kertzmann.name,390-197-4804 x47441,Mosciski Trail,North Chariseport,Delaware,Chad,60981,Female,Genderqueer,Senger Inc,Airlines / Aviation
Nadine Rosenbaum,darrick.collier@wuckert-gleason.name,952-284-9094 x04283,Kiehn Orchard,Manteburgh,Maryland,Chile,36985,Female,Polygender,Wuckert-Witting,Online Media
Jose Muller,dodie@heidenreich.name,(851) 406-3129,Greenholt Plaza,North Heath,North Carolina,Qatar,20705,Male,Female,"Lang, Hamill and Conroy",Education Management
Dorinda Rath,ethyl.rice@murazik-russel.net,479.278.5854 x72979,Brigitte Stream,Randyborough,Rhode Island,Lithuania,33986-6230,Male,Bigender,Farrell Group,Airlines / Aviation
Lauren Ledner,breanna_hegmann@boyle-daniel.io,775.294.5105 x959,Wolf Bridge,Ziemeshire,Nevada,Zimbabwe,95956-8036,Male,Non-binary,"Hegmann, Cremin and Marquardt",Legislative Office
Tory Steuber,helga_becker@langosh-reichel.io,1-828-638-9064 x5894,Bode Cliffs,New Candicestad,Tennessee,Cocos (Keeling) Islands,44143-0666,Female,Agender,O'Keefe Group,Maritime
Sandy Keebler,marlon_murray@lakin.name,741-151-0018 x41170,Hagenes Stream,Mohrside,Rhode Island,Malaysia,90169,Male,Polygender,Blanda-Bruen,Maritime
Maisha Armstrong JD,jewell@lueilwitz-okeefe.org,(440) 497-9287 x334,Lyle Islands,Ornmouth,Wisconsin,Mauritius,43758-4734,Male,Female,Zboncak-Heidenreich,Apparel & Fashion
Lucy Witting,delora@connelly-conroy.com,1-569-456-7286 x12172,Block Park,Port Shantelle,Kentucky,Congo,62877,Female,Male,"Grimes, Stracke and Cummerata",Tobacco
Orville Gulgowski,laquita_deckow@purdy-wisozk.biz,531-152-2771 x371,Jene Landing,West Elvin,Kansas,Guernsey,23707-8399,Male,Non-binary,Abbott LLC,Higher Education
Andreas Dickinson,lamar.sipes@howell.co,1-911-506-4293 x0613,Harber Plaza,Lake Mose,Louisiana,Uruguay,77557-4255,Female,Polygender,Stehr-Schiller,Banking
Loida Kub,tommy@lemke-waters.com,(650) 615-4868 x7404,Austin Islands,East Donovan,Arizona,Oman,07559,Female,Polygender,Dare Group,Venture Capital & Private Equity
Alida Grimes Sr.,rosaura@beier.co,369-257-1394 x80650,Enoch Haven,Kertzmannview,Hawaii,United States of America,04069,Male,Polygender,"Pouros, Langosh and Stokes",Paper & Forest Products
Jacques Kertzmann,diedre.kassulke@bogan.name,107.049.4514 x377,Shizuko Extension,East Dorotha,Rhode Island,Saint Pierre and Miquelon,44421-5925,Male,Female,Rogahn Group,Consumer Goods
Everett Kilback,justa@west.co,420.706.9524 x2950,Jerald Harbor,East Mahaliastad,Missouri,Nigeria,95827,Female,Genderqueer,"Hagenes, Gleason and Runolfsson",Performing Arts
Pres. Dannie Gulgowski,warren@wehner.net,1-732-013-5492,Jordon Mission,Dexterside,Hawaii,Samoa,40958-1755,Male,Bigender,Fay-Streich,Military
Rev. Wilhelmina Conn,newton.corkery@rath.com,988-337-5286 x69316,Dickens Parkways,Lake Lavenia,California,Jordan,82894-6495,Male,Agender,"Beatty, Tillman and Barrows",Building Materials
Man Kertzmann,consuelo_veum@powlowski.biz,731-415-0301 x5197,Buckridge Canyon,West Daiseyview,Wisconsin,Norfolk Island,18790,Female,Bigender,Quigley and Sons,Professional Training & Coaching
